Fecha;Total;Otros;Plazos Fijos UVA;Plazos Fijos Tradicionales;Cuenta Corriente;Caja de Ahorros
2017-01-02;1489753;56266;410;600965;471249;360863
2017-01-03;1471730;54550;409;610949;455267;350555
2017-01-04;1459587;56750;410;609785;438801;353841
2017-01-05;1458576;55210;412;613607;419667;369680
2017-01-06;1446289;56284;413;615419;409073;365100
2017-01-09;1435855;61688;400;618583;409438;345746
2017-01-10;1442653;61678;401;622025;423838;334711
2017-01-11;1428577;58198;401;620177;417578;332223
2017-01-12;1420331;57322;402;622710;410283;329614
2017-01-13;1414692;60912;404;625516;402059;325801
2017-01-16;1412581;58528;399;620340;416307;317007
2017-01-17;1412895;58121;400;627916;416151;310307
2017-01-18;1413862;52712;501;629235;421205;310209
2017-01-19;1412615;51720;502;633391;419572;307430
2017-01-20;1413607;51388;504;635203;423223;303289
2017-01-23;1417299;53743;504;632406;433506;297140
2017-01-24;1425674;54199;557;637699;439089;294130
2017-01-25;1441787;53194;557;639444;453322;295270
2017-01-26;1449401;49882;561;646913;454606;297439
2017-01-27;1450994;50694;562;653318;443794;302626
2017-01-30;1493237;55341;557;647520;481948;307871
2017-01-31;1495530;56820;559;650002;456302;331847
2017-02-01;1499822;55110;557;671837;428804;343514
2017-02-02;1494828;55711;564;678388;419340;340825
2017-02-03;1484121;57255;566;702641;378726;344933
2017-02-06;1472572;60070;555;696141;369173;346633
2017-02-07;1464745;58779;554;702388;362867;340157
2017-02-08;1461803;57289;550;702362;371398;330204
2017-02-09;1465527;57218;551;702831;377906;327021
2017-02-10;1462416;61580;552;701122;375770;323392
2017-02-13;1461941;68541;548;699668;383557;309627
2017-02-14;1466935;55742;547;708460;396009;306177
2017-02-15;1485009;57485;548;710938;405603;310435
2017-02-16;1472614;55521;549;717031;395152;304361
2017-02-17;1490556;59223;549;720804;405971;304009
2017-02-20;1493256;56562;545;717506;418175;300468
2017-02-21;1524748;54855;545;724280;447415;297653
2017-02-22;1518048;55240;545;724620;428523;309120
2017-02-23;1531682;54472;546;725412;433249;318003
2017-02-24;1534071;58914;546;727918;396952;349741
2017-03-01;1518657;61510;542;716271;377887;362447
2017-03-02;1511651;60259;543;721976;368395;360478
2017-03-03;1502706;59548;544;698770;378566;365278
2017-03-06;1497369;60677;540;688686;384124;363342
2017-03-07;1485975;61690;541;693394;375352;354998
2017-03-08;1482097;60484;764;691049;380473;349327
2017-03-09;1482893;58707;765;695332;389107;338982
2017-03-10;1489782;59149;777;695809;402870;331177
2017-03-13;1482883;65943;880;691935;405850;318275
2017-03-14;1488505;56880;920;697182;420703;312820
2017-03-15;1496239;55055;921;673085;452987;314191
2017-03-16;1485691;54249;898;680001;440172;310371
2017-03-17;1487719;59917;900;683678;438234;304990
2017-03-20;1498392;56781;896;680004;461272;299439
2017-03-21;1502832;55827;979;686688;461611;297727
2017-03-22;1503403;55704;1171;686499;464380;295649
2017-03-23;1505795;54293;1233;694921;461321;294027
2017-03-27;1502486;57946;1230;688465;463834;291011
2017-03-28;1496367;56187;1230;691540;452260;295150
2017-03-29;1505929;52446;1141;695694;457408;299240
2017-03-30;1512897;53613;1183;697709;453847;306545
2017-03-31;1512152;56830;1196;692958;421592;339576
2017-04-03;1504559;57166;1186;683113;421512;341582
2017-04-04;1489095;56087;1206;689886;402727;339189
2017-04-05;1483813;55813;1208;679841;400750;346201
2017-04-06;1480334;58300;1210;668115;399298;353411
2017-04-07;1469096;61775;1212;675101;380569;350439
2017-04-10;1473687;66399;1211;670400;401140;334537
2017-04-11;1476895;65083;1212;680085;404644;325871
2017-04-12;1480820;63474;1215;684234;410445;321452
2017-04-17;1474545;71758;1235;670744;426482;304326
2017-04-18;1486696;67643;1239;678863;440515;298436
2017-04-19;1496040;59928;1145;684110;449846;301011
2017-04-20;1482834;56954;1150;690530;438103;296097
2017-04-21;1479572;57226;1153;694274;433297;293622
2017-04-24;1500684;58993;1158;692007;459546;288980
2017-04-25;1502465;57258;1172;696307;460058;287670
2017-04-26;1508900;57663;1183;695329;454821;299904
2017-04-27;1535212;58909;1187;699120;458462;317534
2017-04-28;1534320;57924;1194;702506;422860;349836
2017-05-02;1521051;75585;1283;677198;418231;348754
2017-05-03;1502571;58350;1291;692547;407136;343247
2017-05-04;1498456;60715;1298;692312;398714;345417
2017-05-05;1490997;60270;1241;685362;381086;363038
2017-05-08;1467632;64616;1332;680655;377474;343555
2017-05-09;1465568;63548;1336;685341;374662;340681
2017-05-10;1468052;63784;1260;683585;387607;331816
2017-05-11;1471225;61574;1267;685082;396127;327175
2017-05-12;1486516;63904;1280;686216;410664;324452
2017-05-15;1480970;61559;1365;685410;417709;314927
2017-05-16;1478613;61352;1369;687241;411573;317078
2017-05-17;1482036;65900;1378;685074;411209;318475
2017-05-18;1486632;61319;1382;691346;420652;311933
2017-05-19;1501960;60480;1387;695806;432202;312085
2017-05-22;1503401;62941;1389;691769;443351;303951
2017-05-23;1507428;61283;1396;699609;444441;300699
2017-05-24;1511893;61403;1400;700481;446545;302064
2017-05-26;1522057;60720;1405;696536;459730;303666
2017-05-29;1525785;62464;1407;689059;464577;308278
2017-05-30;1524949;61871;1411;692190;448164;321313
2017-05-31;1529174;61085;1415;699724;418837;348113
2017-06-01;1542040;59264;1421;698516;418559;364280
2017-06-02;1531291;61301;1427;686949;405402;376212
2017-06-05;1513098;66221;1432;677123;399039;369283
2017-06-06;1528811;62314;1440;676393;410613;378051
2017-06-07;1519478;65353;1445;674528;403486;374666
2017-06-08;1520455;65405;1446;674911;410590;368103
2017-06-09;1507721;66259;1449;680851;400098;359064
2017-06-12;1502732;72077;1443;674412;411884;342916
2017-06-13;1504260;71869;1445;680332;417624;332990
2017-06-14;1510833;62925;1445;679889;432179;334395
2017-06-15;1509690;62205;1447;681711;431557;332770
2017-06-16;1496939;60921;1452;684544;419065;330957
2017-06-19;1503840;70592;1452;684721;421831;325244
2017-06-21;1574270;65218;1454;684539;495412;327647
2017-06-22;1584603;65123;1458;693937;492428;331657
2017-06-23;1578597;62323;1461;702221;483348;329244
2017-06-26;1569780;65391;1458;697647;476914;328370
2017-06-27;1584957;62842;1459;703814;487248;329594
2017-06-28;1588883;61234;1461;703388;475030;347770
2017-06-29;1602024;65159;1465;698633;471098;365669
2017-06-30;1606128;64857;1469;697390;431211;411201
2017-07-03;1583166;66582;1471;685350;418195;411568
2017-07-04;1566639;64077;1474;693668;404720;402700
2017-07-05;1556070;66199;1476;689550;388862;409983
2017-07-06;1552855;64281;1484;681845;378100;427145
2017-07-07;1539418;68933;1487;682252;363570;423176
2017-07-10;1539878;73951;1486;677692;387051;399698
2017-07-11;1547967;70639;1491;683252;406595;385990
2017-07-12;1549992;69888;1490;682542;417029;379043
2017-07-13;1549088;71996;1492;684698;414564;376338
2017-07-14;1545044;62803;1496;686370;415582;378793
2017-07-17;1535541;67386;1395;680852;419361;366547
2017-07-18;1536885;71827;1397;686553;416128;360980
2017-07-19;1555887;61704;1399;690988;434122;367674
2017-07-20;1559502;62147;1401;709316;425508;361130
2017-07-21;1558052;62359;1356;711215;423815;359307
2017-07-24;1570936;68371;1353;706293;443642;351277
2017-07-25;1580443;62394;1354;710246;458719;347730
2017-07-26;1590853;61545;1360;711462;465077;351409
2017-07-27;1597046;61970;1362;712247;462793;358674
2017-07-28;1603773;62205;1368;714193;453063;372944
2017-07-31;1597372;67779;1369;706640;426327;395257
2017-08-01;1590443;63404;1365;705199;416005;404470
2017-08-02;1575282;63383;1368;701035;409198;400298
2017-08-03;1566348;64580;1371;701452;401991;396954
2017-08-04;1561254;64941;1375;690186;384164;420588
2017-08-07;1550000;69836;1378;681849;394692;402245
2017-08-08;1542718;66527;1380;686716;395328;392767
2017-08-09;1547941;68935;1382;684904;403394;389326
2017-08-10;1552156;68528;1384;685117;414906;382221
2017-08-11;1550542;69341;1388;686025;418430;375358
2017-08-14;1558452;69428;1385;684239;435019;368381
2017-08-15;1556267;65558;1387;687972;438580;362770
2017-08-16;1576811;66985;1588;690980;438792;378466
2017-08-17;1570331;71929;1589;694637;432215;369961
2017-08-18;1559873;62582;1592;701591;428448;365660
2017-08-22;1577175;67121;1592;697754;455820;354888
2017-08-23;1582027;68190;1593;699620;459436;353188
2017-08-24;1578788;64288;1593;701378;461870;349659
2017-08-25;1586221;65126;1597;703930;461152;354416
2017-08-28;1589809;63102;1598;700082;473775;351252
2017-08-29;1606319;63690;1598;706890;480372;353769
2017-08-30;1608328;62574;1593;705159;473319;365683
2017-08-31;1609734;65984;1597;703073;445412;393668
2017-09-01;1605615;62685;1592;700320;429729;411289
2017-09-04;1587468;70411;1593;693154;427266;395044
2017-09-05;1581349;68981;1585;695969;417744;397070
2017-09-06;1575841;67772;1587;684527;410150;411805
2017-09-07;1563705;68446;1590;686552;401484;405633
2017-09-08;1562785;69201;1692;686059;406123;399710
2017-09-11;1569815;76591;1648;680864;429609;381103
2017-09-12;1574227;74506;1676;686845;442713;368487
2017-09-13;1576201;74932;1675;686734;450534;362326
2017-09-14;1573644;65781;1677;687961;454758;363467
2017-09-15;1559962;65848;1753;691114;440062;361185
2017-09-18;1573049;69042;1385;688384;457689;356549
2017-09-19;1579286;76265;1327;694148;459224;348322
2017-09-20;1595678;62968;1329;698054;484988;348339
2017-09-21;1583225;64974;1332;698623;452232;366064
2017-09-22;1579295;65273;1340;699108;450337;363237
2017-09-25;1575980;66277;1318;696006;453436;358943
2017-09-26;1613912;64041;1317;701218;488039;359297
2017-09-27;1611267;65859;1331;702529;487166;354382
2017-09-28;1617593;64274;1333;706896;475846;369244
2017-09-29;1618537;66877;1337;706802;443242;400279
2017-10-02;1614329;70247;1294;698871;436801;407116
2017-10-03;1589613;69814;1337;703667;411778;403017
2017-10-04;1602145;70868;1539;699561;424513;405664
2017-10-05;1591560;67375;2090;692988;408906;420201
2017-10-06;1581956;68042;2093;691876;401279;418666
2017-10-09;1557964;73861;2094;688676;392125;401208
2017-10-10;1555553;73641;2090;690681;398945;390196
2017-10-11;1570422;72749;2099;690017;420696;384861
2017-10-12;1583980;71216;2101;694706;433558;382399
2017-10-13;1579096;73926;2102;695873;428614;378581
2017-10-17;1558609;75199;2074;690523;428860;361953
2017-10-18;1574147;81794;2075;694898;432413;362967
2017-10-19;1572330;68461;2080;698795;444840;358154
2017-10-20;1577246;66664;2086;712835;441888;353773
2017-10-23;1579608;68925;2063;708471;456306;343843
2017-10-24;1587037;69614;2067;711881;461406;342069
2017-10-25;1595559;66746;2065;712816;465575;348357
2017-10-26;1597987;63340;2067;713632;465463;353485
2017-10-27;1631659;66248;2072;723384;478046;361909
2017-10-30;1636855;68782;2063;719796;475828;370386
2017-10-31;1641514;70616;2057;724370;442824;401647
2017-11-01;1638597;69714;2040;720161;432937;413745
2017-11-02;1639609;70322;2044;720114;438023;409106
2017-11-03;1633884;72546;2051;717440;413067;428780
2017-11-07;1616584;80193;2035;707650;417724;408982
2017-11-08;1606376;76075;2028;709377;415922;402974
2017-11-09;1617544;74801;2034;707702;431531;401476
2017-11-10;1613039;75016;2039;712491;425412;398081
2017-11-13;1616215;83192;2028;709133;436126;385736
2017-11-14;1623320;73203;2032;717433;446559;384093
2017-11-15;1626456;68563;2034;723658;443322;388879
2017-11-16;1612271;67964;2037;724584;429888;387798
2017-11-17;1611879;77356;2029;733412;420783;378299
2017-11-21;1619749;77283;2044;728886;446580;364956
2017-11-22;1638155;75120;2091;733980;463732;363232
2017-11-23;1636885;69548;2169;736208;472780;356180
2017-11-24;1660361;69867;2175;741746;482559;364014
2017-11-27;1666858;72052;2218;732562;501224;358802
2017-11-28;1672123;71176;2321;737840;495048;365738
2017-11-29;1681110;70653;2534;736086;486333;385504
2017-11-30;1682224;72757;2545;737907;451083;417932
2017-12-01;1678294;69225;2599;737249;435394;433827
2017-12-04;1665328;78652;2589;725933;438483;419671
2017-12-05;1661274;74840;2809;728188;435530;419907
2017-12-06;1664156;73852;2818;725159;430235;432092
2017-12-07;1656994;76729;2827;722481;424637;430320
2017-12-11;1653048;86106;2826;703966;449690;410460
2017-12-12;1695789;83779;2836;713413;488989;406772
2017-12-13;1706730;81517;2843;713238;503404;405728
2017-12-14;1713970;84746;2844;710706;507187;408487
2017-12-15;1777041;76043;2842;715006;555166;427984
2017-12-18;1764194;87118;2837;694897;540594;438748
2017-12-19;1763525;91210;2837;698220;511070;460188
2017-12-20;1801173;81407;2905;704887;534785;477189
2017-12-21;1806304;79282;2916;722618;511310;490178
2017-12-22;1823070;78232;2924;725066;526628;490220
2017-12-26;1808490;77897;2927;714832;548276;464558
2017-12-27;1820409;78255;2943;706900;561588;470723
2017-12-28;1837665;80119;3037;712247;568032;474230
2017-12-29;1829256;74875;3048;728247;521132;501954
2018-01-02;1845596;75148;3044,936;722101,064;532894;512408
2018-01-03;1819486;73648;3144,607;722516,393;516161;504016
2018-01-04;1819085;75716;3262,382;725175,618;509184;505747
2018-01-05;1808856;72593;3267,459;733035,541;479394;520566
2018-01-08;1789329;82541;3331,069;733432,931;475599;494425
2018-01-09;1799374;80322;3528,816;737968,184;491590;485965
2018-01-10;1806507;83810;3640,884;734878,116;513875;470303
2018-01-11;1808541;79403;3942,853;739323,147;515517;470355
2018-01-12;1811708;73099;4048,217;745229,783;512691;476640
2018-01-15;1807785;77102;4432,826;747752,174;504231;474267
2018-01-16;1808793;72286;4513,793;758826,207;496010;477157
2018-01-17;1834569;79267;4663,088;754515,912;516084;480039
2018-01-18;1863925;70832;5810,972;769313,028;547815;470154
2018-01-19;1859724;69337;6034,955;824500,045;495811;464041
2018-01-22;1857682;73430;6380,153;813944,847;515895;448032
2018-01-23;1857975;71600;6566,279;831581,721;509931;438296
2018-01-24;1864604;70718;6696,492;837442,508;523521;426226
2018-01-25;1899312;68633;6953,275;830187,725;558200;435338
2018-01-26;1899214;69125;7073,424;862312,576;526335;434368
2018-01-29;1893786;73260;7285,937;855321,063;524234;433685
2018-01-30;1901172;73563;7422,977;853002,023;516396;450788
2018-01-31;1901097;72544;7518,301;854367,699;491613;475054
2018-02-01;1909596;71821;7535,115;848173,885;494912;487154
2018-02-02;1902161;76276;7551,782;870955,218;462801;484577
2018-02-05;1888778;78043;7574,968;870962,032;453317;478881
2018-02-06;1883188;75286;7583,068;869348,932;442020;488950
2018-02-07;1909819;79856;7591,568;867727,432;469384;485260
2018-02-08;1903050;77554;7801,545;907872,455;436541;473281
2018-02-09;1961422;84152;7831,651;897668,349;502580;469190
2018-02-14;1967562;93988;7733,803;894493,197;526916;444431
2018-02-15;1970359;93741;7759,888;901462,112;539640;427756
2018-02-16;1966367;78014;7682,113;980717,887;470880;429073
2018-02-19;1971220;96189;7697,458;965448,542;467910;433975
2018-02-20;1976542;94386;7726,126;958689,874;482918;432822
2018-02-21;2008525;82915;7887,321;978479,679;497952;441291
2018-02-22;2015456;78464;7894,313;989463,687;506238;433396
2018-02-23;2060396;72187;7916,401;1004990,599;554070;421232
2018-02-26;2044839;76761;7928,269;1017020,731;515973;427156
2018-02-27;2053662;79596;7941,614;1024777,386;508770;432577
2018-02-28;2063271;75388;7993,06;1025581,94;481523;472785
2018-03-01;2043530;72875;7922,599;1026778,401;451441;484513
2018-03-02;2030305;73848;7803,735;1029736,265;425704;493213
2018-03-05;2005720;77239;7810,722;991897,278;440213;488560
2018-03-06;2018162;75114;7876,222;990704,778;461128;483339
2018-03-07;2005905;76577;7894,495;990383,505;460745;470305
2018-03-08;2001149;75576;7910,998;991595,002;464371;461696
2018-03-09;1993777;78878;7822,298;992991,702;460356;453729
2018-03-12;1995035;85177;7927,513;949545,487;519307;433078
2018-03-13;1996722;84436;8053,693;956275,307;526374;421583
2018-03-14;2008431;71968;8288,596;961894,404;545288;420992
2018-03-15;2007153;71308;8310,008;1036188,992;463703;427643
2018-03-16;2036086;72469;8332,015;1036458,985;482234;436592
2018-03-19;2017588;86629;8451,783;1032197,217;463732;426578
2018-03-20;2024521;78060;8864,375;990753,625;535693;411150
2018-03-21;2056622;74421;9010,858;992954,142;554810;425426
2018-03-22;2051730;73733;9026,714;1004749,286;543546;420675
2018-03-23;2043216;71788;9103,834;1013821,166;522993;425510
2018-03-26;2049110;76643;9157,039;1003834,961;526986;432489
2018-03-27;2058499;78032;9673,402;983245,598;543870;443678
2018-03-28;2067922;76620;9823,604;981291,396;508803;491384
2018-04-03;2038707;82544;9922,972;956046,028;496834;493360
2018-04-04;2025915;84035;10045,556;956082,444;484436;491316
2018-04-05;2026723;81726;10230,714;961900,286;473178;499688
2018-04-06;2017815;85023;10243,744;952463,256;456568;513517
2018-04-09;1998738;92380;10269,831;954281,169;453454;488353
2018-04-10;1990872;85968;10298,055;957067,945;463273;474265
2018-04-11;2008395;88543;10310,021;959674,979;482013;467854
2018-04-12;2020773;77549;10346,33;964919,67;524743;443215
2018-04-13;2004436;78972;10491,052;974619,948;497810;442543
2018-04-16;1992821;78750;10625,213;971623,787;487554;444268
2018-04-17;1997387;96042;10633,704;961323,296;493484;435904
2018-04-18;2068240;105655;10742,594;968809,406;527209;455824
2018-04-19;2055796;80331;10885,491;1005002,509;515975;443602
2018-04-20;2053729;78520;11015,38;1016903,62;512047;435243
2018-04-23;2047617;81542;11054,517;1017011,483;519372;418637
2018-04-24;2054703;78706;11150,352;1023626,648;530883;410337
2018-04-25;2063405;77245;11350,042;1020839,958;534205;419765
2018-04-26;2064838;77823;11467,516;1024906,484;508962;441679
2018-04-27;2103541;81597;11738,121;1024592,879;510570;475043
2018-05-02;2084463;78579;11764,976;1019545,024;507691;466883
2018-05-03;2084408;84410;11836,097;1016783,903;500236;471142
2018-05-04;2078458;82384;11930,612;1015684,388;484309;484150
2018-05-07;2063084;84372;12082,558;1002986,442;477254;486389
2018-05-08;2048051;82261;12104,775;1010832,225;474557;468296
2018-05-09;2056496;87371;12269,69;1010635,31;480351;465869
2018-05-10;2072918;87000;12327,94;1013817,06;497690;462083
2018-05-11;2083987;86421;12410,854;1017206,146;499948;468001
2018-05-14;2099053;84218;12490,606;1014001,394;520259;468084
2018-05-15;2101185;82672;12732,613;1022609,387;517102;466069
2018-05-16;2128776;83460;12926,333;1031338,667;518668;482383
2018-05-17;2130273;83646;12968,99;1046317,01;514855;472486
2018-05-18;2140276;73525;13248,492;971462,508;618689;463351
2018-05-21;2137784;79094;13321,293;965166,707;634255;445947
2018-05-22;2133481;80123;13318,178;974956,822;642887;422196
2018-05-23;2141077;77332;13370,727;977561,273;652849;419964
2018-05-24;2125092;74145;13420,224;982175,776;637919;417432
2018-05-28;2136170;82146;13527,236;965107,764;657985;417404
2018-05-29;2123752;80238;13668,25;972690,75;638647;418508
2018-05-30;2153655;76525;13641,926;976217,074;649333;437938
2018-05-31;2141835;77351;13716,596;970945,404;609217;470605
2018-06-01;2131967;73435;13781,736;967637,264;590564;486549
2018-06-04;2114677;85261;13862,387;950162,613;576799;488592
2018-06-05;2112199;83335;13963,851;954747,149;572363;487790
2018-06-06;2107004;80580;13944,925;942207,075;568000;502272
2018-06-07;2097135;80764;14013,115;942796,885;568013;491548
2018-06-08;2070840;79933;14249,509;944180,491;543300;489177
2018-06-11;2058333;93401;14328,07;938007,93;549688;462908
2018-06-12;2071181;93225;14396,197;945729,803;572502;445328
2018-06-13;2075166;92600;14463,814;946884,186;582851;438367
2018-06-14;2081038;81121;14518,646;953293,354;597555;434550
2018-06-15;2094730;80877;14578,425;885606,575;659047;454621
2018-06-18;2088397;82003;14679,018;881809,982;650822;459083
2018-06-19;2108541;95548;14732,915;891042,085;654438;452780
2018-06-21;2221970;86305;14816,926;886799,074;779347;454702
2018-06-22;2217970;84886;14912,756;897314,244;756527;464330
2018-06-25;2219637;91580;14916,011;882329,989;774639;456172
2018-06-26;2220751;85259;14948,861;897081,139;762320;461142
2018-06-27;2236794;87446;15151,253;876476,747;766660;491060
2018-06-28;2249544;82898;15202,219;939545,781;707604;504294
2018-06-29;2244420;83560;15541,249;939798,751;651103;554417
2018-07-02;2233614;79195;15313,831;933668,169;648454;556983
2018-07-03;2214315;81719;15388,496;941582,504;629535;546090
2018-07-04;2196619;82047;15576,068;935371,932;611062;552562
2018-07-05;2187400;78264;15605,805;930684,195;602630;560216
2018-07-06;2176110;82350;15649,031;1028937,969;491821;557352
2018-07-10;2152091;97998;15120,27;1016486,73;498436;524050
2018-07-11;2156838;92614;15157,572;1020783,428;514052;514231
2018-07-12;2175168;95269;15190,414;1024531,586;536097;504080
2018-07-13;2173384;83806;15223,7;1031397,3;542218;500739
2018-07-16;2155600;85865;14824,837;1026621,163;529837;498452
2018-07-17;2178252;95970;13771,737;1037133,263;516528;514849
2018-07-18;2269504;82527;13819,309;1045178,691;600341;527638
2018-07-19;2327104;77746;13954,934;1050694,066;659956;524753
2018-07-20;2302657;77367;13987,12;1062578,88;639881;508843
2018-07-23;2294794;81548;13652,627;1054956,373;649389;495248
2018-07-24;2299301;82039;13706,452;1065663,548;652537;485355
2018-07-25;2304709;75974;13901,402;1073421,598;664416;476996
2018-07-26;2310263;77020;13851,43;1173227,57;559281;486883
2018-07-27;2312821;80003;13891,831;1175582,169;554630;488714
2018-07-30;2328490;85243;13872,771;1165602,229;566081;497691
2018-07-31;2318895;84574;13949,504;1168445,496;528342;523584
2018-08-01;2310909;78854;13791,607;1167771,393;519017;531475
2018-08-02;2296551;80719;13773,895;1169321,105;501190;531547
2018-08-03;2292692;81685;13802,435;1172335,565;482931;541938
2018-08-06;2272214;84308;13596,831;1161157,169;485695;527457
2018-08-07;2267628;84769;13590,79;1168520,21;486340;514408
2018-08-08;2260900;81771;13630,771;1172563,229;476253;516682
2018-08-09;2269541;88196;13624,973;1174565,027;486050;507105
2018-08-10;2286933;90181;13675,8;1146592,2;546868;489616
2018-08-13;2294134;97490;13644,307;1142525,693;561340;479134
2018-08-14;2293287;82697;13627,235;1151314,765;561768;483880
2018-08-15;2368135;82072;13675,183;1158564,817;578458;535365
2018-08-16;2367753;80666;13630,801;1168958,199;556423;548075
2018-08-17;2399076;95434;13707,825;1182164,175;565141;542629
2018-08-21;2390221;86974;13678,047;1183399,953;570601;535568
2018-08-22;2391635;85137;13728,491;1185098,509;588824;518847
2018-08-23;2398626;80264;13774,654;1196425,346;600343;507819
2018-08-24;2438924;78793;13826,919;1203979,081;660202;482123
2018-08-27;2439436;82397;13779,422;1205184,578;663514;474561
2018-08-28;2443729;82547;13839,703;1215233,297;663780;468329
2018-08-29;2454813;76968;13956,069;1141537,931;744278;478073
2018-08-30;2460415;84893;13978,378;1124240,622;738281;499022
2018-08-31;2448414;81235;14175,921;1121203,079;696409;535391
2018-09-03;2431386;82636;13980,524;1107402,476;693863;533504
2018-09-04;2425220;86280;13994,609;1115279,391;675273;534393
2018-09-05;2420422;83539;13993,996;1043756,004;740828;538305
2018-09-06;2412335;82163;13628,4;1045587,6;728877;542079
2018-09-07;2399461;81431;14002,708;1052145,292;709629;542253
2018-09-10;2375145;94190;13946,317;1041570,683;700004;525434
2018-09-11;2387972;90041;13861,769;1051138,231;723308;509623
2018-09-12;2395672;92049;13897,342;1053075,658;743918;492732
2018-09-13;2406705;82100;13915,101;1057638,899;754469;498582
2018-09-14;2378663;78846;14186,224;1060339,776;711233;514058
2018-09-17;2355075;84463;14055,973;1055360,027;684954;516242
2018-09-18;2358384;95347;14069,584;1067064,416;676706;505197
2018-09-19;2394004;80883;14285,075;1096985,925;683534;518316
2018-09-20;2404016;79875;15687,781;1122199,219;671410;514844
2018-09-21;2422348;80034;15841,459;1122088,541;708832;495552
2018-09-24;2422070;84665;16821,953;1120490,047;703023;497070
2018-09-25;2440827;85858;17255,826;1113410,174;733206;491097
2018-09-26;2448859;82820;17743,127;1122846,873;725370;500079
2018-09-27;2469770;84469;18375,364;1207108,636;627622;532195
2018-09-28;2482642;87761;18481,081;1201009,919;602001;573389
2018-10-01;2469781;82270;18692,633;1196639,367;583369;588810
2018-10-02;2463642;83101;18711,131;1204799,869;570786;586244
2018-10-03;2443434;82875;18693,987;1206397,013;549498;585970
2018-10-04;2432582;84131;20112,55;1200610,45;539880;587848
2018-10-05;2412811;82028;20213,028;1203725,972;526866;579978
2018-10-08;2391370;86760;26009,211;1207587,789;519517;551496
2018-10-09;2388498;91556;26098,403;1215417,597;521805;533621
2018-10-10;2399994;94401;26911,016;1212120,984;547328;519233
2018-10-11;2413375;90590;27280,741;1219450,259;569385;506669
2018-10-12;2391238;87761;27595,402;1241599,598;535330;498952
2018-10-16;2374891;89386;28084,214;1243408,786;523307;490705
2018-10-17;2462920;98062;29240,501;1273490,499;543797;518330
2018-10-18;2460083;85463;32761,679;1302811,321;523215;515832
2018-10-19;2515952;83835;32921,222;1349149,778;541475;508571
2018-10-22;2504362;86405;33380,322;1358509,678;552612;473455
2018-10-23;2511239;87712;33286,86;1376003,14;556912;457325
2018-10-24;2530687;84487;33463,712;1385026,288;541401;486309
2018-10-25;2542839;79708;33581,158;1398080,842;546222;485247
2018-10-26;2555884;79380;33839,304;1408071,696;549189;485404
2018-10-29;2568923;82736;33955,791;1376123,209;590712;485396
2018-10-30;2613651;99101;34101,18;1380360,82;602112;497976
2018-10-31;2590379;84718;34421,436;1375548,564;566390;529301
2018-11-01;2583957;81014;34897,444;1377337,556;545341;545367
2018-11-02;2573367;83277;35459,95;1421543,05;485625;547462
2018-11-05;2551193;85886;35559,009;1403130,991;479593;547024
2018-11-07;2541756;90642;35669,393;1401194,607;475222;539028
2018-11-08;2533444;85984;35707,528;1407341,472;473326;531085
2018-11-09;2562251;119411;35662,419;1412062,581;471982;523133
2018-11-12;2531286;95351;35692,541;1382444,459;529959;487839
2018-11-13;2541615;94415;35687,368;1403536,632;535180;472796
2018-11-14;2553960;81915;35611,898;1410708,102;557554;468171
2018-11-15;2577643;103388;35598,089;1414877,911;546246;477533
2018-11-16;2586562;105323;36408,848;1418929,152;544838;481063
2018-11-20;2574087;99273;36599,543;1409582,457;561961;466671
2018-11-21;2668425;90074;36682,387;1426739,613;594808;520121
2018-11-22;2659456;85023;36796,47;1437108,53;600109;500419
2018-11-23;2701274;87668;36817,23;1454431,77;625357;497000
2018-11-26;2694865;88035;36716,151;1471539,849;616805;481769
2018-11-27;2729629;86816;36681,945;1481787,055;639077;485267
2018-11-28;2723536;89411;36674,118;1455822,882;622089;519539
2018-11-29;2725949;87182;36767,499;1453907,501;614749;533343
2018-12-03;2698999;93730;36551,308;1425181,692;593339;550197
2018-12-04;2690843;91902;36546,284;1435972,716;584606;541816
2018-12-05;2684834;88309;36327,078;1427718,922;571061;561418
2018-12-06;2680302;88061;36297,835;1429232,165;555620;571091
2018-12-07;2654417;88287;36321,128;1417941,872;538634;573233
2018-12-10;2629204;98595;36284,166;1411062,834;528277;554985
2018-12-11;2637522;98172;36212,03;1419582,97;542342;541213
2018-12-12;2639617;100200;36210,166;1419877,834;561368;521961
2018-12-13;2644686;88438;36186,695;1404129,305;596747;519185
2018-12-14;2639447;86742;36074,04;1411744,96;578055;526831
2018-12-17;2627868;96262;35969,462;1385708,538;574111;535817
2018-12-18;2638891;103343;35704,964;1370872,036;574300;554671
2018-12-19;2679664;91606;34843,461;1380538,539;586798;585878
2018-12-20;2686029;92344;34665,503;1384759,497;583927;590333
2018-12-21;2673704;88101;34492,64;1380576,36;566720;603814
2018-12-26;2679435;100856;32997,312;1236559,688;728182;580840
2018-12-27;2698145;102815;32132,268;1244956,732;731350;586891
2018-12-28;2742633;91929;32179,649;1237330,351;753686;627508
2019-01-02;2705859;92311;31809,671;1242108,329;728567;611063
2019-01-03;2693669;89781;31695,082;1255585,918;706207;610400
2019-01-04;2690409;90017;31600,226;1381860,774;573446;613485
2019-01-07;2681085;93182;31580,433;1384160,567;567609;604553
2019-01-08;2666302;92095;30605,739;1398945,261;556623;588033
2019-01-09;2669393;97596;30445,662;1400368,338;553324;587659
2019-01-10;2679687;95368;30216,828;1402316,172;580041;571745
2019-01-11;2682929;94975;30165,96;1418389,04;582286;557113
2019-01-14;2694436;95889;29212,463;1412701,537;602015;554618
2019-01-15;2701587;88241;28061,429;1427527,571;552858;604899
2019-01-16;2708421;84146;27471,525;1434889,475;545726;616188
2019-01-17;2722939;97253;27330,564;1454317,436;564723;579315
2019-01-18;2734197;83356;27107,519;1492797,481;557494;573442
2019-01-21;2740559;89457;26716,584;1486819,416;578000;559566
2019-01-22;2746833;85130;26316,614;1504925,386;594108;536353
2019-01-23;2750294;81675;26201,707;1519270,293;600914;522233
2019-01-24;2750654;80984;26139,621;1527668,379;594810;521052
2019-01-25;2772001;82182;26090,726;1534404,274;601294;528030
2019-01-28;2782824;87857;25850,069;1531864,931;610519;526733
2019-01-29;2787359;84393;25524,175;1544791,825;597992;534658
2019-01-30;2807624;84244;25038,275;1549239,725;599291;549811
2019-01-31;2797734;84031;24771,948;1550083,052;559586;579262
2019-02-01;2791729;84223;24686,66;1544090,34;531587;607142
2019-02-04;2761081;92612;24569,569;1495911,431;577169;570819
2019-02-05;2753842;93032;24542,652;1505217,348;564978;566072
2019-02-06;2752279;88344;24376,777;1493246,223;558641;587671
2019-02-07;2746731;91425;24453,786;1496519,214;560342;573991
2019-02-08;2710062;92383;24591,864;1506727,136;508822;577538
2019-02-11;2705159;107900;24751,918;1472553,082;555545;544409
2019-02-12;2727522;97596;25138,045;1488106,955;589970;526711
2019-02-13;2738677;100343;25251,165;1498473,835;601550;513059
2019-02-14;2744315;85575;24915,314;1505387,686;611465;516972
2019-02-15;2739822;86919;26019,718;1510751,282;597981;518151
2019-02-18;2734923;90315;26174,291;1469630,709;622827;525976
2019-02-19;2759091;104596;28025,817;1482555,183;631915;511999
2019-02-20;2766055;91381;30313,94;1483675,06;658775;501910
2019-02-21;2783224;90974;30885,381;1487721,619;676975;496668
2019-02-22;2773521;87219;32436,431;1516245,569;650558;487062
2019-02-25;2779469;90596;35865,467;1509441,533;665394;478172
2019-02-26;2790087;90266;36902,63;1517181,37;652592;493145
2019-02-27;2801785;94415;37784,43;1507648,57;635697;526240
2019-02-28;2791390;92027;38599,749;1510555,251;580132;570076
2019-03-01;2773162;86539;39794,825;1514271,175;530291;602266
2019-03-06;2752636;98229;40771,373;1470390,627;561530;581715
2019-03-07;2736644;100002;41485,689;1448572,311;553934;592650
2019-03-08;2729814;94875;42487,898;1448702,102;544984;598765
2019-03-11;2676930;111986;43190,854;1443645,146;516651;561457
2019-03-12;2706520;103902;43342,965;1455502,035;549705;554068
2019-03-13;2722127;98939;43772,741;1461570,259;579360;538485
2019-03-14;2717921;89406;43783,163;1469472,837;575911;539348
2019-03-15;2734695;93167;44150,145;1444393,855;602313;550671
2019-03-18;2725423;94577;44193,371;1436742,629;592648;557262
2019-03-19;2745024;107440;44060,525;1453859,475;597893;541771
2019-03-20;2760773;98031;44256,972;1456211,028;634524;527750
2019-03-21;2748520;90748;44235,897;1460242,103;623062;530232
2019-03-22;2753138;91825;44293,813;1455181,187;629312;532526
2019-03-25;2756310;92310;44426,863;1451484,137;636194;531895
2019-03-26;2766923;90592;44728,925;1471837,075;623627;536138
2019-03-27;2788509;92436;44686,025;1469410,975;618558;563418
2019-03-28;2796203;90070;44501,154;1442870,846;622586;596175
2019-03-29;2785755;97815;43817,417;1439653,583;595654;608815
2019-04-01;2759773;91008;44777,769;1422753,231;599396;601838
2019-04-03;2736808;92186;41965,947;1432651,053;571807;598198
2019-04-04;2732800;95364;41157,336;1428533,664;553124;614621
2019-04-05;2716092;91378;40474,216;1419906,784;526068;638265
2019-04-08;2697183;98619;39514,293;1412134,707;541001;605914
2019-04-09;2692839;100589;38596,338;1428732,662;540513;584408
2019-04-10;2704539;102803;37552,314;1424029,686;575185;564969
2019-04-11;2715577;98211;37643,743;1425990,257;596763;556969
2019-04-12;2711329;90085;37838,77;1430743,23;582482;570180
2019-04-15;2713673;96192;37875,713;1423368,287;592047;564190
2019-04-16;2707640;93721;37801,8;1436601,2;578513;561003
2019-04-17;2723394;111845;38179,785;1443810,215;569384;560175
2019-04-22;2720223;101561;38295,217;1413551,783;628434;538381
2019-04-23;2739147;98771;38233,607;1435732,393;641498;524912
2019-04-24;2758380;94989;38338,679;1437412,321;648818;538822
2019-04-25;2795095;93810;38501,599;1452549,401;667891;542343
2019-04-26;2780825;93892;38644,727;1447319,273;643831;557138
2019-04-29;2801976;115309;38811,46;1412376,54;633930;601549
2019-04-30;2808637;103228;39051,471;1425712,529;608467;632178
2019-05-02;2803969;99082;39712,066;1422315,934;586543;656316
2019-05-03;2797675;96382;39742,032;1432272,968;568000;661278
2019-05-06;2772978;99030;39695,225;1418621,775;574099;641532
2019-05-07;2774937;98354;39685,078;1421290,922;567532;648075
2019-05-08;2756414;97827;39740,602;1419918,398;561736;637192
2019-05-09;2744491;99427;39585,34;1424881,66;558183;622414
2019-05-10;2756955;104008;39642,508;1427242,492;576474;609588
2019-05-13;2768617;109377;39364,646;1419041,354;629950;570884
2019-05-14;2794872;98779;39450,331;1444990,669;639003;572649
2019-05-15;2808912;96504;39257,971;1436379,029;659769;577002
2019-05-16;2802415;93962;39110,02;1444687,98;648323;576332
2019-05-17;2842215;112288;39139,706;1459927,294;659560;571300
2019-05-20;2857078;97108;37931,655;1470676,345;695624;555738
2019-05-21;2850134;94393;36526,64;1490632,36;685517;543065
2019-05-22;2861559;96833;36072,687;1491044,313;708804;528805
2019-05-23;2873618;92488;35184,576;1502240,424;713681;530024
2019-05-24;2867670;93893;35050,364;1566013,636;640879;531834
2019-05-27;2867676;95792;31438,11;1559095,89;648697;532653
2019-05-28;2889533;99765;30913,029;1569768,971;651395;537691
2019-05-29;2893296;113065;30269,85;1533279,15;666328;550354
2019-05-30;2893982;99919;29716,201;1545411,799;648930;570005
2019-05-31;2853464;97624;29142,688;1499643,312;601122;625932
2019-06-03;2887748;101214;29136,075;1482184,925;649594;625619
2019-06-04;2870591;102381;28560,09;1491642,91;624195;623812
2019-06-05;2859205;101127;28521,818;1497003,182;601054;631499
2019-06-06;2843105;99779;28201,035;1491077,965;580067;643980
2019-06-07;2837961;102938;28045,93;1494299,07;579587;633091
2019-06-10;2810576;120012;27028,684;1485142,316;583309;595084
2019-06-11;2839729;110209;26812,789;1497788,211;619993;584926
2019-06-12;2849273;109272;26578,845;1502362,155;637468;573592
2019-06-13;2860074;108104;26273,444;1503438,556;648199;574059
2019-06-14;2880128;99958;26108,675;1516976,325;656767;580318
2019-06-18;2866188;107537;25432,605;1515261,395;657458;560499
2019-06-19;2890987;119092;25086,397;1529621,603;663738;553449
2019-06-21;2882241;120414;25027,271;1525419,729;654574;556806
2019-06-24;2890710;109341;24846,24;1519235,76;677511;559776
2019-06-25;2905808;105190;24788,422;1537641,578;681790;556398
2019-06-26;2940761;102889;24591,575;1513396,425;720690;579194
2019-06-27;2945039;111902;24459,68;1521636,32;677415;609626
2019-06-28;2942643;114443;24393,602;1529863,398;581011;692932
2019-07-01;2939422;108782;24329,524;1517827,476;596620;691863
2019-07-02;2920051;102611;24250,77;1532370,23;585741;675078
2019-07-03;2918966;106177;24220,047;1522999,953;574479;691090
2019-07-04;2916303;108149;24076,404;1513416,596;559206;711455
2019-07-05;2893406;106497;24088,702;1512716,298;544254;705850
2019-07-10;2854222;135282;23679,545;1476897,455;584917;633446
2019-07-11;2879670;123907;23591,461;1490156,539;628480;613535
2019-07-12;2907605;123289;23483,211;1502356,789;656903;601573
2019-07-15;2909912;113149;23166,066;1500498,934;680327;592771
2019-07-16;2899786;106561;22909,935;1519585,065;651730;599000
2019-07-17;2943741;128739;22890,28;1533591,72;628714;629806
2019-07-18;2951980;101633;22872,541;1541003,459;658789;627682
2019-07-19;2972406;103014;22881,639;1567844,361;661197;617469
2019-07-22;2966835;110156;22197,803;1567043,197;673121;594317
2019-07-23;2984820;103708;22218,256;1589656,744;687638;581599
2019-07-24;2991755;103442;22162,263;1594323,737;696476;575351
2019-07-25;2992298;100476;22038,022;1602519,978;701826;565438
2019-07-26;2989397;101682;22049,64;1612761,36;684381;568523
2019-07-29;2995389;106137;21003,633;1596359,367;697455;574434
2019-07-30;3010346;104879;21012,902;1604658,098;678578;601218
2019-07-31;3026986;111114;20740,683;1602261,317;631513;661357
2019-08-01;3021116;102992;20788,414;1596609,586;628693;672033
2019-08-02;3004493;109058;20773,537;1601034,463;609579;664048
2019-08-05;2978573;111041;20616,671;1581945,329;613141;651829
2019-08-06;2996862;110682;20446,77;1577929,23;618617;669187
2019-08-07;2979472;106493;20300,713;1587464,287;604260;660954
2019-08-08;2976597;103594;20247,797;1598900,203;592870;660985
2019-08-09;2979834;115258;20259,576;1588864,424;601716;653736
2019-08-12;2986467;125639;19525,598;1557540,402;678043;605719
2019-08-13;3009102;120943;19476,541;1577551,459;697863;593268
2019-08-14;3027484;106708;19304,501;1578419,499;721051;602001
2019-08-15;3026416;103750;19294,736;1588085,264;715406;599880
2019-08-16;3019995;100076;19199,53;1605246,47;684542;610931
2019-08-20;3023493;132715;18814,454;1581949,546;708757;581257
2019-08-21;3027382;130725;18693,566;1593581,434;714876;569506
2019-08-22;3037851;103681;18521,485;1639471,515;720847;555330
2019-08-23;3042386;100638;18427,478;1651213,522;707426;564681
2019-08-26;3041985;106330;18188,718;1632952,282;718344;566170
2019-08-27;3067904;106850;18125,392;1656614,608;712087;574227
2019-08-28;3062050;101495;17684,153;1645144,847;721162;576564
2019-08-29;3091688;102879;17681,229;1622601,771;767183;581343
2019-08-30;3058056;107772;17475,385;1542527,615;741084;649197
2019-09-02;3040345;104093;17518,537;1496308,463;761646;660779
2019-09-03;3033912;105016;17070,386;1496619,614;762163;653043
2019-09-04;3012513;111696;16934,645;1478427,355;729529;675926
2019-09-05;3007146;109579;16857,438;1461961,562;695571;723177
2019-09-06;3011723;105327;16857,898;1480275,102;690743;718520
2019-09-09;2977110;119445;16422,21;1474561,79;683647;683034
2019-09-10;2985781;121977;16358,533;1491787,467;696219;659439
2019-09-11;3007906;117320;16334,481;1493556,519;730920;649775
2019-09-12;3025799;104817;16307,518;1513349,482;733515;657810
2019-09-13;3017433;103368;16306,553;1521521,447;736906;639331
2019-09-16;2982833;110089;16193,185;1507814,815;717977;630759
2019-09-17;2969568;126647;16144,193;1526766,807;721417;578593
2019-09-18;2965544;102383;16144,07;1543690,93;745059;558267
2019-09-19;2966582;102915;15746,948;1541156,052;757036;549728
2019-09-20;2965704;105489;15755,192;1546029,808;748877;549553
2019-09-23;2939323;108545;15010,146;1533350,854;733297;549120
2019-09-24;2954936;108146;14994,986;1551761,014;740324;539710
2019-09-25;2977970;106417;14969,999;1555662,001;750607;550314
2019-09-26;2981815;105781;14865,39;1550102,61;746587;564479
2019-09-27;3033276;110442;14879,003;1540282,997;757826;609846
2019-09-30;3032583;118634;14694,839;1509358,161;733877;656019
2019-10-01;3021154;108707;14778,747;1515085,253;717289;665294
2019-10-02;3034645;109015;14795,386;1506356,614;739083;665395
2019-10-03;3032794;111854;14813,977;1495711,023;720187;690228
2019-10-04;3033532;108611;15263,655;1477386,345;702663;729608
2019-10-07;2971488;114124;16139,597;1457091,403;708639;675494
2019-10-08;2969313;115230;16843,049;1470536,951;713186;653517
2019-10-09;2968507;119181;16801,996;1450510,004;731996;650018
2019-10-10;2979216;125348;16989,745;1451683,255;751099;634096
2019-10-11;3009122;121820;17077,782;1457677,218;782563;629984
2019-10-15;3016027;121500;16824,608;1425362,392;826142;626198
2019-10-16;3012681;119433;17051,363;1427958,637;807544;640694
2019-10-17;3029386;131178;17189,885;1440923,115;795416;644679
2019-10-18;3013283;110102;17250,862;1454710,138;813726;617494
2019-10-21;3003259;117149;17013,87;1429920,13;847058;592118
2019-10-22;3016736;113210;17313,209;1453530,791;865331;567351
2019-10-23;3003582;109011;17286,963;1448551,037;874918;553815
2019-10-24;2999425;108093;17601,791;1453170,209;869762;550798
2019-10-25;3000280;106276;17581,706;1445519,294;878603;552300
2019-10-28;2986714;108082;17626,584;1431234,416;880668;549103
2019-10-29;2997595;119500;17663,731;1458133,269;862831;539467
2019-10-30;2987382;109811;18110,663;1470199,337;819497;569764
2019-10-31;2985498;113638;18119,4;1464927,6;765685;623128
2019-11-01;2975451;106552;18384,155;1476123,845;738685;635706
2019-11-04;2960150;119289;18683,066;1471234,934;739227;611716
2019-11-05;2953448;117955;18719,901;1463316,099;716334;637123
2019-11-07;2953728;118428;18771,165;1457345,835;730490;628693
2019-11-08;2944932;117710;18995,731;1471046,269;711384;625796
2019-11-11;2911419;134671;18946,631;1469776,369;718677;569348
2019-11-12;2965634;121525;19421,349;1495562,651;776550;552575
2019-11-13;2979845;121209;19497,044;1512517,956;787897;538724
2019-11-14;3003030;106741;19766,169;1503801,831;817120;555601
2019-11-15;3004892;108018;19945,1;1516393,9;790714;569821
2019-11-19;2990704;114267;20047,843;1508127,157;789592;558670
2019-11-20;3020394;133462;19798,654;1518289,346;804801;544043
2019-11-21;3035251;110391;20236,988;1531894,012;833602;539127
2019-11-22;3053644;110343;20386,675;1545131,325;843337;534446
2019-11-25;3063996;115415;20535,575;1538938,425;865289;523818
2019-11-26;3112669;112165;20497,632;1556621,368;869289;554096
2019-11-27;3117010;115277;20698,871;1556498,129;862684;561852
2019-11-28;3136256;114445;20713,219;1547226,781;862387;591484
2019-11-29;3150235;119247;20641,955;1522697,045;845139;642510
2019-12-02;3157255;116381;22858,801;1494968,199;876730;646317
2019-12-03;3150962;117396;23313,912;1504106,088;875425;630721
2019-12-04;3164230;123410;23429,476;1499917,524;869001;648472
2019-12-05;3161830;115779;23492,616;1487488,384;847575;687495
2019-12-06;3151387;115495;25022,673;1502363,327;835372;673134
2019-12-09;3103363;135146;24871,798;1468274,202;843255;631816
2019-12-10;3125715;135868;24917,708;1477702,292;867939;619288
2019-12-11;3150856;128468;24945,379;1477047,621;899447;620948
2019-12-12;3177610;116062;25401,463;1481976,537;928733;625437
2019-12-13;3169598;112271;25563,838;1491600,162;884207;655956
2019-12-16;3151461;119183;26593,081;1470994,919;896265;638425
2019-12-17;3210444;140827;26941,281;1488937,719;900210;653528
2019-12-18;3219684;112424;27641,125;1498392,875;870162;711064
2019-12-19;3217664;116552;27786,117;1494031,883;848437;730857
2019-12-20;3272571;120558;27971,298;1488760,702;887255;748026
2019-12-23;3275698;122281;28077,483;1480374,517;921992;722973
2019-12-26;3288386;123973;28443,711;1471195,289;943177;721597
2019-12-27;3333234;118334;28984,589;1492771,411;918370;774774
2019-12-30;3376188;131410;28628,359;1489988,641;929324;796837
2020-01-02;3364146;127120;29559,232;1502650,768;916046;788770
2020-01-03;3348811;117723;29806,918;1524367,082;894003;782911
2020-01-06;3284818;123201;30918,925;1528925,075;855102;746671
2020-01-07;3291217;121830;31139,467;1550161,533;833050;755036
2020-01-08;3306542;121761;31829,931;1559299,069;843220;750432
2020-01-09;3315433;132195;32099,997;1573031,003;841436;736671
2020-01-10;3424536;136221;32358,204;1590320,796;884753;780883
2020-01-13;3435241;134651;33924,345;1591353,655;925608;749704
2020-01-14;3492775;120029;34448,631;1609841,369;957853;770603
2020-01-15;3507580;113493;34682,614;1611302,386;949312;798790
2020-01-16;3516078;113339;35239,708;1628179,292;932549;806771
2020-01-17;3537982;132713;35858,943;1660626,057;903784;805000
2020-01-20;3560625;118116;37584,091;1637208,909;962642;805074
2020-01-21;3597876;116200;38451,177;1651211,823;977858;814155
2020-01-22;3627010;112716;39398,304;1650694,696;1019579;804622
2020-01-23;3628348;110210;40215,329;1669403,671;1027897;780622
2020-01-24;3640780;112982;41264,203;1707270,797;1005275;773988
2020-01-27;3652986;116073;43326,296;1678116,704;1024475;790995
2020-01-28;3670440;116394;45207,729;1694203,271;1015756;798879
2020-01-29;3679100;116484;47567,534;1675669,466;1025524;813855
2020-01-30;3696773;119235;49775,295;1686903,705;977998;862861
2020-01-31;3690651;120755;49046,539;1697955,461;904618;918276
2020-02-03;3668325;129654;52971,974;1657159,026;897545;930995
2020-02-04;3651660;128686;54061,234;1682168,766;871183;915561
2020-02-05;3659461;124751;55174,358;1684752,642;860234;934549
2020-02-06;3667229;125826;56068,776;1694910,224;846372;944052
2020-02-07;3667056;129523;57673,75;1689529,25;848803;941527
2020-02-10;3610164;149279;58753,04;1671726,96;851972;878433
2020-02-11;3636245;131215;59721,766;1700342,234;895875;849091
2020-02-12;3641745;132188;60932,424;1702948,576;889707;855969
2020-02-13;3674964;118788;62611,38;1714249,62;938779;840536
2020-02-14;3660182;116272;63290,138;1727149,862;899828;853642
2020-02-17;3666960;127553;63872,202;1728068,798;889720;857746
2020-02-18;3706710;144656;64212,745;1753503,255;896535;847803
2020-02-19;3709412;121691;64357,692;1750524,308;940397;832442
2020-02-20;3749809;118974;64786,167;1755416,833;995452;815180
2020-02-21;3761071;120030;65322,257;1779633,743;969358;826727
2020-02-26;3784648;133179;65779,063;1742841,937;1025107;817741
2020-02-27;3831178;132827;66242,049;1752438,951;1037896;841774
2020-02-28;3847748;131432;67939,773;1763090,227;944798;940488
2020-03-02;3837376;124086;66315,276;1761968,724;923354;961652
2020-03-03;3850706;124648;67392,417;1786552,583;913388;958725
2020-03-04;3842244;128169;67737,115;1784242,885;898084;964011
2020-03-05;3861711;124444;69027,566;1792140,434;888367;987732
2020-03-06;3819602;127233;69724,338;1802759,662;857285;962600
2020-03-09;3778185;139273;70319,433;1784439,567;876198;907955
2020-03-10;3798426;141069;70622,033;1800338,967;912655;873741
2020-03-11;3843746;134125;70790,841;1796121,159;969173;873536
2020-03-12;3866182;120031;71070,907;1807726,093;976490;890864
2020-03-13;3860106;117769;71809,314;1820192,686;944821;905514
2020-03-16;3866282;129806;71397,247;1812781,753;958288;894009
2020-03-17;3892857;144001;71003,016;1830106,984;968056;879690
2020-03-18;3916151;124353;71163,601;1830585,399;1007560;882489
2020-03-19;3965655;121890;70912,859;1824698,141;1074057;874097
2020-03-20;3974294;150506;71033,272;1790420,728;1071289;891045
2020-03-25;4028188;170252;71216,785;1745141,215;1146028;895550
2020-03-26;4097405;177871;71107,596;1752573,404;1157263;938590
2020-03-27;4174874;182126;71310,205;1737988,795;1129877;1053572
2020-03-30;4173957;212722;70683,152;1703801,848;1116562;1070188
2020-04-01;4178789;217099;71184,956;1698371,044;1092987;1099147
2020-04-02;4219325;204790;71313,955;1730106,045;1086670;1126445
2020-04-03;4231018;214845;71401,393;1713924,607;1070880;1159967
2020-04-06;4223967;225453;71008,502;1701334,498;1028179;1197992
2020-04-07;4261094;222978;70917,554;1716371,446;1058829;1191998
2020-04-08;4269541;222215;71773,55;1709140,45;1069075;1197337
2020-04-13;4195689;249364;71775,088;1670543,912;1098906;1105100
2020-04-14;4227652;225849;73114,346;1705550,654;1144395;1078743
2020-04-15;4245858;214418;74952,552;1708632,448;1175819;1072036
2020-04-16;4224838;198410;75871,254;1729882,746;1170787;1049887
2020-04-17;4270064;207909;77151,526;1732339,474;1175374;1077290
2020-04-20;4263548;191073;77652,752;1724937,248;1211185;1058700
2020-04-21;4301034;181504;77902,24;1744363,76;1238027;1059237
2020-04-22;4309032;173990;78286,581;1782587,419;1231441;1042727
2020-04-23;4315891;163381;78189,301;1810771,699;1232476;1031073
2020-04-24;4329851;163534;79892,686;1820237,314;1214325;1051862
2020-04-27;4365491;161704;79350,315;1812960,685;1256646;1054830
2020-04-28;4401586;159328;79075,132;1823462,868;1252140;1087580
2020-04-29;4400242;164347;78057,922;1812639,078;1215761;1129437
2020-04-30;4441717;199489;77505,144;1802228,856;1170637;1191857
2020-05-04;4458893;189294;79494,551;1777884,449;1231267;1180953
2020-05-05;4507329;176763;80910,2;1798246,8;1257562;1193847
2020-05-06;4503539;173765;82760,832;1802927,168;1225642;1218444
2020-05-07;4507134;167919;83336,744;1827151,256;1179050;1249677
2020-05-08;4500512;163760;85757,514;1850101,486;1154212;1246681
2020-05-11;4513916;179572;86369,444;1864596,556;1208360;1175018
2020-05-12;4535187;173831;86829,173;1886733,827;1226521;1161272
2020-05-13;4603085;159378;87338,363;1881579,637;1273424;1201365
2020-05-14;4602813;153842;87758,686;1893552,314;1270031;1197629
2020-05-15;4597067;155164;88929,316;1897745,684;1237161;1218067
2020-05-18;4578187;162089;88416,188;1919652,812;1246319;1161710
2020-05-19;4611501;176070;87816,15;1955699,85;1252941;1138974
2020-05-20;4659852;152524;88183,843;1965444,157;1346679;1107021
2020-05-21;4660330;146963;88662,24;1987321,76;1335921;1101462
2020-05-22;4672843;145024;89910,464;2008055,536;1325616;1104237
2020-05-26;4657489;155655;89940,372;2011554,628;1329660;1070679
2020-05-27;4689400;151799;89897,375;2017229,625;1340402;1090072
2020-05-28;4805687;152752;89839,381;2025436,619;1394387;1143272
2020-05-29;4841597;159312;90660,252;2035319,748;1320083;1236222
2020-06-01;4795300;154135;89910,952;2036414,048;1306477;1208363
2020-06-02;4801458;147472;89261,711;2072610,289;1295293;1196821
2020-06-03;4845355;142140;87269,092;2075515,908;1336035;1204395
2020-06-04;4853033;146238;86652,934;2092468,066;1297789;1229885
2020-06-05;4838428;142324;86740,825;2114952,175;1257898;1236513
2020-06-08;4848124;152729;85634,499;2094277,501;1306760;1208723
2020-06-09;4847872;154531;85125,369;2132124,631;1288870;1187221
2020-06-10;4919684;156734;84281,759;2140091,241;1323662;1214915
2020-06-11;4940620;147925;84187,143;2156606,857;1346394;1205507
2020-06-12;4961625;136920;83984,317;2177841,683;1364989;1197890
2020-06-16;4919249;151991;81710,973;2160694,027;1367536;1157317
2020-06-17;4972272;178064;81140,263;2174858,737;1367289;1170920
2020-06-18;5010437;139205;80930,968;2193537,032;1427770;1168994
2020-06-19;5080881;137706;80665,522;2208469,478;1470529;1183511
2020-06-22;5070117;141738;80531,896;2199664,104;1477909;1170274
2020-06-23;5091459;137763;80097,498;2240553,502;1462922;1170123
2020-06-24;5103107;136393;80031,443;2262591,557;1441831;1182260
2020-06-25;5116878;133184;79703,789;2264519,211;1426791;1212680
2020-06-26;5126837;133845;79780,215;2276739,785;1385114;1251358
2020-06-29;5212714;147304;79640,795;2248593,205;1462909;1274267
2020-06-30;5210081;153427;79007,91;2274200,09;1356677;1346769
2020-07-01;5192012;133308;79073,317;2279077,683;1319909;1380644
2020-07-02;5225908;139036;78842,847;2282754,153;1365543;1359732
2020-07-03;5230371;135675;79072,132;2295886,868;1322372;1397365
2020-07-06;5190665;145249;76871,94;2276780,06;1293713;1398051
2020-07-07;5216475;147109;75740,556;2293734,444;1301743;1398148
2020-07-08;5214119;140930;76865,669;2310026,331;1293207;1393090
2020-07-13;5165510;182251;74932,629;2274180,371;1345907;1288239
2020-07-14;5197689;164609;73602,629;2299844,371;1405300;1254333
2020-07-15;5228279;146995;72658,007;2329349,993;1440610;1238666
2020-07-16;5225668;143817;72102,391;2339322,609;1415655;1254771
2020-07-17;5250730;176542;72141,074;2356793,926;1371739;1273514
2020-07-20;5232592;148674;70065,439;2360361,561;1395966;1257525
2020-07-21;5271634;141763;70010,908;2395265,092;1416022;1248573
2020-07-22;5286233;136060;70257,726;2397878,274;1437700;1244337
2020-07-23;5284324;131564;69476,405;2412690,595;1434016;1236577
2020-07-24;5281858;133715;69682,762;2433038,238;1400113;1245309
2020-07-27;5283372;134630;68525,066;2412742,934;1419717;1247757
2020-07-28;5313435;133569;66749,801;2446339,199;1411720;1255057
2020-07-29;5371432;130198;66666,384;2437304,616;1453575;1283688
2020-07-30;5404409;138347;66785,957;2427026,043;1434754;1337496
2020-07-31;5426233;146890;67046,979;2468529,021;1356731;1387036
2020-08-03;5388927;139852;62655,601;2463991,399;1335061;1387367
2020-08-04;5421860;145543;60691,945;2498408,055;1383204;1334013
2020-08-05;5406206;139643;59545,075;2501326,925;1360006;1345685
2020-08-06;5392857;138521;58093,338;2502815,662;1332488;1360939
2020-08-07;5375608;144732;58936,048;2499823,952;1291370;1380746
2020-08-10;5351758;157199;55348,423;2523458,577;1308932;1306820
2020-08-11;5364719;150811;55052,258;2540836,742;1341942;1276077
2020-08-12;5407160;150935;55155,108;2525384,892;1396768;1278917
2020-08-13;5403781;133685;54382,908;2532942,092;1437876;1244895
2020-08-14;5386462;130002;54667,509;2557752,491;1397795;1246245
2020-08-18;5391806;148753;52787,758;2528446,242;1454319;1207500
2020-08-19;5440612;179311;52067,31;2544405,69;1468834;1195994
2020-08-20;5458783;144043;51838,66;2556877,34;1516473;1189551
2020-08-21;5478588;137567;52232,379;2585047,621;1527881;1175860
2020-08-24;5471528;142253;51943,857;2599111,143;1521567;1156653
2020-08-25;5498847;140071;52058,722;2629026,278;1515360;1162331
2020-08-26;5517437;131843;51927,457;2634068,543;1504251;1195347
2020-08-27;5538453;132019;51693,022;2647298,978;1499072;1208370
2020-08-28;5535864;135167;52289,872;2643040,128;1466947;1238420
2020-08-31;5524880;157676;51639,033;2637534,967;1410152;1267878
2020-09-01;5515177;146215;51218,671;2659163,329;1384972;1273608
2020-09-02;5567510;145622;51244,942;2657428,058;1445560;1267655
2020-09-03;5552476;150197;51421,653;2663075,347;1427492;1260290
2020-09-04;5542657;142591;51719,641;2668049,359;1376151;1304146
2020-09-07;5476199;151988;51019,486;2648793,514;1376880;1247518
2020-09-08;5471277;151416;50805,359;2689437,641;1357739;1221879
2020-09-09;5468256;148749;51035,251;2695228,749;1356646;1216597
2020-09-10;5468532;154361;50896,09;2709674,91;1360737;1192863
2020-09-11;5509807;145984;51378,553;2713805,447;1415066;1183573
2020-09-14;5545302;148529;51271,31;2706064,69;1427434;1212003
2020-09-15;5564960;147633;51371,484;2737913,516;1427386;1200656
2020-09-16;5545307;145205;51432,021;2754853,979;1421044;1172772
2020-09-17;5613427;190225;52075,623;2747284,377;1442609;1181233
2020-09-18;5608964;145007;52627,534;2766633,466;1470166;1174530
2020-09-21;5637139;153002;52256,339;2748764,661;1536169;1146947
2020-09-22;5646138;148128;52718,155;2790108,845;1507418;1147765
2020-09-23;5664226;145224;52902,135;2787506,865;1521480;1157113
2020-09-24;5663042;140766;52827,335;2793468,665;1521031;1154949
2020-09-25;5655623;139307;53582,828;2799342,172;1498944;1164447
2020-09-28;5688218;146893;53725,015;2797294,985;1519685;1170620
2020-09-29;5709162;156122;53687,159;2803183,841;1488117;1208052
2020-09-30;5749425;150898;53775,716;2793078,284;1487022;1264651
2020-10-01;5745555;143866;53724,214;2805902,786;1442911;1299151
2020-10-02;5729469;149642;54174,484;2802510,516;1421202;1301940
2020-10-05;5678128;157304;53965,917;2785319,083;1406782;1274757
2020-10-06;5726608;160536;53831,52;2803002,48;1408390;1300848
2020-10-07;5705088;157608;54017,693;2788100,307;1376242;1329120
2020-10-08;5655400;153600;54372,024;2781354,976;1397302;1268771
2020-10-09;5660471;159225;54691,376;2767456,624;1409847;1269251
2020-10-13;5598234;180377;53387,863;2711385,137;1466144;1186940
2020-10-14;5610068;171198;53186,494;2712774,506;1499642;1173267
2020-10-15;5644470;157837;53423,684;2746856,316;1528083;1158270
2020-10-16;5620713;155405;54575,48;2731447,52;1489180;1190105
2020-10-19;5691651;209013;56014,883;2697141,117;1525391;1204091
2020-10-20;5716246;160454;55743,358;2730135,642;1584758;1185155
2020-10-21;5740436;151588;55588,453;2736552,547;1606809;1189898
2020-10-22;5754237;147706;55684,393;2740229,607;1629379;1181238
2020-10-23;5756045;146388;56241,44;2750845,56;1627473;1175097
2020-10-26;5747704;153787;56045,069;2718973,931;1624324;1194574
2020-10-27;5777031;158699;55537,529;2756468,471;1611589;1194737
2020-10-28;5858978;146614;55795,317;2742536,683;1691545;1222487
2020-10-29;5819905;150839;55982,087;2724451,913;1644037;1244595
2020-10-30;5821102;155551;56311,118;2720340,882;1572713;1316186
2020-11-02;5786080;159563;54621,481;2672760,519;1570654;1328481
2020-11-03;5774364;156332;54593,968;2699675,032;1566652;1297111
2020-11-04;5758049;161942;54066,095;2678304,905;1549655;1314081
2020-11-05;5756877;157454;54183,223;2678476,777;1513319;1353444
2020-11-09;5653107;183952;53914,625;2615582,375;1517463;1282195
2020-11-10;5682082;177044;52763,766;2639603,234;1549738;1262933
2020-11-11;5704591;161252;52169,202;2660605,798;1583949;1246615
2020-11-12;5715532;154028;53049,481;2677128,519;1567454;1263872
2020-11-13;5738114;150958;53516,342;2688552,658;1548159;1296928
2020-11-16;5706547;160165;53175,583;2668363,417;1597807;1227036
2020-11-17;5784419;201488;53471,131;2717261,869;1608158;1204040
2020-11-18;5823044;156985;54027,099;2721711,901;1665445;1224875
2020-11-19;5836612;149927;53660,489;2739754,511;1663836;1229434
2020-11-20;5812626;152202;53857,097;2751260,903;1635691;1219615
2020-11-24;5786207;160028;53420,817;2728629,183;1670049;1174080
2020-11-25;5803740;165913;53835,708;2739621,292;1652031;1192339
2020-11-26;5855998;152160;54127,045;2742927,955;1684709;1222074
2020-11-27;5868324;162722;54741,545;2740049,455;1641674;1269137
2020-11-30;5880206;169243;56127,709;2710903,291;1607979;1335953
2020-12-01;5929344;160008;56369,751;2728559,249;1632390;1352017
2020-12-02;5924757;163893;57150,346;2723623,654;1624538;1355552
2020-12-03;5899762;163697;57656,361;2727590,639;1584075;1366743
2020-12-04;5934341;158430;58471,008;2721216,992;1582593;1413630
2020-12-09;5898660;188539;58845,53;2668997,47;1673825;1308453
2020-12-10;5938791;185706;59417,495;2696092,505;1698097;1299478
2020-12-11;5974114;165317;59727,491;2736721,509;1724129;1288219
2020-12-14;6055119;158165;60617,182;2694507,818;1783384;1358445
2020-12-15;6008973;163129;60871,484;2755486,516;1742943;1286543
2020-12-16;5980075;158725;61220,619;2747189,381;1730478;1282462
2020-12-17;6032075;207505;61206,771;2731729,229;1675773;1355861
2020-12-18;6137794;164862;62053,92;2747144,08;1728631;1435103
2020-12-21;6118188;176107;62289,17;2735907,83;1734196;1409688
2020-12-22;6136529;169160;62294,628;2775348,372;1701469;1428257
2020-12-23;6211148;156369;62935,438;2821574,562;1731987;1438282
2020-12-28;6222298;188978;63734,421;2761308,579;1784042;1424235
2020-12-29;6246453;168236;63725,701;2792028,299;1784505;1437958
2020-12-30;6313485;176776;64562,152;2811093,848;1725825;1535228
2021-01-04;6260691;177631;65461,441;2793887,559;1711684;1512027
2021-01-05;6231701;173005;65799,866;2842029,134;1665925;1484942
2021-01-06;6226770;168330;65909,342;2870816,658;1630943;1490771
2021-01-07;6229504;163679;66718,546;2893345,454;1589509;1516252
2021-01-08;6216212;154851;68865,134;2892052,866;1569084;1531359
2021-01-11;6143136;186100;69103,535;2869686,465;1582798;1435448
2021-01-12;6205079;168996;68714,012;2896904,988;1672896;1397568
2021-01-13;6257260;160943;69745,526;2897215,474;1744640;1384716
2021-01-14;6297783;142405;69729,324;2922976,676;1736310;1426362
2021-01-15;6324047;143145;71069,892;2969910,108;1709333;1430589
2021-01-18;6278667;154511;70496,351;2957086,649;1664813;1431760
2021-01-19;6336341;187389;71129,677;3003196,323;1660134;1414492
2021-01-20;6347679;150703;71941,332;3009283,668;1716951;1398800
2021-01-21;6373124;148148;73060,72;3023615,28;1755971;1372329
2021-01-22;6362677;144157;73726,769;3039311,231;1759641;1345841
2021-01-25;6369240;155510;73728,017;3045384,983;1793850;1300767
2021-01-26;6376959;149194;74100,071;3078610,929;1792211;1282843
2021-01-27;6421957;149200;74708,608;3053628,392;1797741;1346679
2021-01-28;6467065;168862;75109,438;3044425,562;1802311;1376357
2021-01-29;6479170;157585;75438,908;3042260,092;1707769;1496117
2021-02-01;6431318;154863;76697,639;3053131,361;1675672;1470954
2021-02-02;6428506;170121;77227,25;3062568,75;1664110;1454479
2021-02-03;6428413;155204;78589,009;3052700,991;1650581;1491338
2021-02-04;6427823;160615;79965,518;3044304,482;1636174;1506764
2021-02-05;6392402;154526;81220,188;3063346,812;1590142;1503167
2021-02-08;6313669;166552;82167,455;3046251,545;1609919;1408779
2021-02-09;6317936;168154;81889,494;3073693,506;1600719;1393480
2021-02-10;6344628;169792;83865,77;3070891,23;1654110;1365969
2021-02-11;6382158;168288;84216,796;3072490,204;1684775;1372388
2021-02-12;6399483;148959;85829,913;3113675,087;1673719;1377300
2021-02-17;6383013;174934;86884,018;3066859,982;1703997;1350338
2021-02-18;6438287;201708;87634,873;3108464,127;1679531;1360949
2021-02-19;6463107;160305;89589,211;3134680,789;1731061;1347471
2021-02-22;6488117;169476;90533,604;3141863,396;1780324;1305920
2021-02-23;6540081;161813;91470,878;3181545,122;1794676;1310576
2021-02-24;6556428;154942;92428,974;3198640,026;1786067;1324350
2021-02-25;6623234;160999;93501,809;3187172,191;1810364;1371197
2021-02-26;6656967;163107;94711,612;3205172,388;1709983;1483993
2021-03-01;6644441;161905;97406,563;3170988,437;1676445;1537696
2021-03-02;6634131;158678;98028,703;3210681,297;1646007;1520736
2021-03-03;6668185;154630;98312,491;3215167,509;1646583;1553492
2021-03-04;6688858;169077;99109,064;3214603,936;1618710;1587358
2021-03-05;6664875;159885;100698,639;3218378,361;1577018;1608895
2021-03-08;6588072;170688;102063,23;3193813,77;1600578;1520929
2021-03-09;6567128;172045;102552,205;3217283,795;1582789;1492458
2021-03-10;6664432;176078;103687,106;3214723,894;1688952;1480991
2021-03-11;6705522;166076;104550,234;3242198,766;1744581;1448116
2021-03-12;6739121;151984;106017,207;3277122,793;1753185;1450812
2021-03-15;6704290;165995;107304,424;3268362,576;1772651;1389977
2021-03-16;6704663;161288;108283,026;3306401,974;1753432;1375258
2021-03-17;6750512;185817;108900,739;3345016,261;1750344;1360434
2021-03-18;6726464;147752;109289,428;3372218,572;1782340;1314864
2021-03-19;6728298;154171;110894,136;3360464,864;1795640;1307128
2021-03-22;6714248;166258;112822,689;3343399,311;1787917;1303851
2021-03-23;6751950;158092;112862,923;3389417,077;1804425;1287153
2021-03-25;6834015;158112;113891,665;3379017,335;1892256;1290738
2021-03-26;6865003;153385;114642,753;3413958,247;1884877;1298140
2021-03-29;6898749;164071;115975,674;3362084,326;1960590;1296028
2021-03-30;6935807;165979;116279,707;3373494,293;1936177;1343877
2021-03-31;6992211;174553;117979,144;3371804,856;1837098;1490776
2021-04-05;6910470;184408;121412,507;3330364,493;1825941;1448344
2021-04-06;6913997;178883;121961,768;3368694,232;1805276;1439182
2021-04-07;6941578;165192;121358,048;3363874,952;1799910;1491243
2021-04-08;6952023;166736;121233,27;3386303,73;1782924;1494826
2021-04-09;6922269;177097;123005,458;3409476,542;1766485;1446205
2021-04-12;6900452;192880;123837,667;3388067,333;1839362;1356305
2021-04-13;6939431;185515;124638,998;3445345,002;1873876;1310056
2021-04-14;7023377;159404;126062,27;3467683,73;1900489;1369738
2021-04-15;7000053;160795;127204,905;3485992,095;1856959;1369102
2021-04-16;6917657;169041;128649,781;3530400,219;1747576;1341990
2021-04-19;7017439;203577;130412,204;3507734,796;1850242;1325473
2021-04-20;7059757;170745;131015,385;3543885,615;1914415;1299696
2021-04-21;7086065;161150;130409,894;3526257,106;1964336;1303912
2021-04-22;7121466;155755;131496,173;3540189,827;1989960;1304065
2021-04-23;7085810;155415;132726,528;3567327,472;1958000;1272341
2021-04-26;7095062;162823;133054,534;3553117,466;1993556;1252511
2021-04-27;7145255;165325;134113,72;3584389,28;1981466;1279961
2021-04-28;7213340;152630;135435,026;3560050,974;2055951;1309273
2021-04-29;7242958;163146;136091,886;3535374,114;2021209;1387137
2021-04-30;7281801;170734;137894,922;3532209,078;1949157;1491806
2021-05-03;7227962;169513;138474,227;3534433,773;1910474;1475067
2021-05-04;7226429;179293;139172,771;3554242,229;1879107;1474614
2021-05-05;7251645;171702;140968,23;3530181,77;1863882;1544911
2021-05-06;7244752;168853;143242,227;3518730,773;1847490;1566436
2021-05-07;7209287;174384;144573,883;3541482,117;1779718;1569129
2021-05-10;7116330;211225;146748,016;3493480,984;1814421;1450455
2021-05-11;7192943;187006;147157,727;3536225,273;1906352;1416202
2021-05-12;7228689;181639;148487,417;3536837,583;1947117;1414608
2021-05-13;7288684;163091;149478,927;3570688,073;1970767;1434659
2021-05-14;7322703;155964;152132,908;3588745,092;1956647;1469214
2021-05-17;7294587;170576;154722,906;3577984,094;1956696;1434608
2021-05-18;7375885;221621;155137,684;3604575,316;1979378;1415173
2021-05-19;7393977;163056;156491,581;3600151,419;2066964;1407314
2021-05-20;7415861;161025;157053,206;3616832,794;2085613;1395337
2021-05-21;7396377;162917;159745,951;3624480,049;2065425;1383809
2021-05-26;7397880;181972;159826,951;3602177,049;2074881;1379023
2021-05-27;7477137;175939;160839,381;3618562,619;2116560;1405236
2021-05-28;7498018;174582;162648,787;3608670,213;2062033;1490084
2021-05-31;7498397;192018;163460,441;3564788,559;2032485;1545645
2021-06-01;7517101;199718;164534,244;3609373,756;1939195;1604280
2021-06-02;7499962;173928;165772,098;3620411,902;1926735;1613115
2021-06-03;7471212;185106;166672,336;3646200,664;1859673;1613560
2021-06-04;7458900;173862;168761,82;3613219,18;1807670;1695387
2021-06-07;7356282;186339;169909,185;3593103,815;1783502;1623428
2021-06-08;7362964;179729;170973,487;3625171,513;1802999;1584091
2021-06-09;7430216;190753;172770,982;3602738,018;1865671;1598283
2021-06-10;7451814;202346;173583,506;3627372,494;1899283;1549229
2021-06-11;7439047;183336;175420,147;3654201,853;1916191;1509898
2021-06-14;7456734;178244;176467,351;3632506,649;1948350;1521166
2021-06-15;7491665;179656;177633,724;3663068,276;1965460;1505847
2021-06-16;7467505;179119;179268,887;3664496,113;1926786;1517835
2021-06-17;7542176;239511;179719,138;3690993,862;1922130;1509822
2021-06-18;7572643;173474;181648,615;3726258,385;1988974;1502288
2021-06-22;7562666;201752;182468,715;3712469,285;2003737;1462239
2021-06-23;7596395;187298;183156,85;3740764,15;1988922;1496254
2021-06-24;7617182;184396;183820,323;3769762,677;1980489;1498714
